id,first_name,last_name,email
151,Howard,Reid,hreid1e@exblog.jp
152,Laura,Ferguson,lferguson1f@tuttocitta.it
153,Anne,Bailey,abailey1g@geocities.com
154,Rose,Morgan,rmorgan1h@ehow.com
155,Nicholas,Reyes,nreyes1i@google.ru
156,Joshua,Kennedy,jkennedy1j@house.gov
157,Paul,Watkins,pwatkins1k@upenn.edu
158,Kathryn,Kelly,kkelly1l@businessweek.com
159,Adam,Armstrong,aarmstrong1m@techcrunch.com
160,Norma,Wallace,nwallace1n@phoca.cz
161,Timothy,Reyes,treyes1o@google.cn
162,Elizabeth,Patterson,epatterson1p@sun.com
163,Edward,Gomez,egomez1q@google.fr
164,David,Cox,dcox1r@friendfeed.com
165,Brenda,Wood,bwood1s@over-blog.com
166,Adam,Walker,awalker1t@blogs.com
167,Michael,Hart,mhart1u@wix.com
168,Jesse,Ellis,jellis1v@google.co.uk
169,Janet,Powell,jpowell1w@un.org
170,Helen,Ford,hford1x@creativecommons.org
171,Gerald,Carpenter,gcarpenter1y@about.me
172,Kathryn,Oliver,koliver1z@army.mil
173,Alan,Berry,aberry20@gov.uk
174,Harry,Andrews,handrews21@ameblo.jp
175,Andrea,Hall,ahall22@hp.com
176,Barbara,Wells,bwells23@behance.net
177,Anne,Wells,awells24@apache.org
178,Harry,Harper,hharper25@rediff.com
179,Jack,Ray,jray26@wufoo.com
180,Phillip,Hamilton,phamilton27@joomla.org
181,Shirley,Hunter,shunter28@newsvine.com
182,Arthur,Daniels,adaniels29@reuters.com
183,Virginia,Rodriguez,vrodriguez2a@walmart.com
184,Christina,Ryan,cryan2b@hibu.com
185,Theresa,Mendoza,tmendoza2c@vinaora.com
186,Jason,Cole,jcole2d@ycombinator.com
187,Phillip,Bryant,pbryant2e@rediff.com
188,Adam,Torres,atorres2f@sun.com
189,Margaret,Johnston,mjohnston2g@ucsd.edu
190,Paul,Payne,ppayne2h@hhs.gov
191,Todd,Willis,twillis2i@businessweek.com
192,Willie,Oliver,woliver2j@noaa.gov
193,Frances,Robertson,frobertson2k@go.com
194,Gregory,Hawkins,ghawkins2l@joomla.org
195,Lisa,Perkins,lperkins2m@si.edu
196,Jacqueline,Anderson,janderson2n@cargocollective.com
197,Shirley,Diaz,sdiaz2o@ucla.edu
198,Nicole,Meyer,nmeyer2p@flickr.com
199,Mary,Gray,mgray2q@constantcontact.com
200,Jean,Mcdonald,jmcdonald2r@baidu.com
