id,first_name,last_name,email
51,Lawrence,Phillips,lphillips1e@jugem.jp
52,Judy,Gilbert,jgilbert1f@multiply.com
53,Eric,Williams,ewilliams1g@joomla.org
54,Ralph,Romero,rromero1h@sogou.com
55,Jean,Wilson,jwilson1i@ocn.ne.jp
56,Lori,Reynolds,lreynolds1j@illinois.edu
57,Donald,Moreno,dmoreno1k@bbc.co.uk
58,Steven,Berry,sberry1l@eepurl.com
59,Theresa,Shaw,tshaw1m@people.com.cn
60,John,Stephens,jstephens1n@nationalgeographic.com
61,Richard,Jacobs,rjacobs1o@state.tx.us
62,Andrew,Lawson,alawson1p@over-blog.com
63,Peter,Morgan,pmorgan1q@rambler.ru
64,Nicole,Garrett,ngarrett1r@zimbio.com
65,Joshua,Kim,jkim1s@edublogs.org
66,Ralph,Roberts,rroberts1t@people.com.cn
67,George,Montgomery,gmontgomery1u@smugmug.com
68,Gerald,Alvarez,galvarez1v@flavors.me
69,Donald,Olson,dolson1w@whitehouse.gov
70,Carlos,Morgan,cmorgan1x@pbs.org
71,Aaron,Stanley,astanley1y@webnode.com
72,Virginia,Long,vlong1z@spiegel.de
73,Robert,Berry,rberry20@tripadvisor.com
74,Antonio,Brooks,abrooks21@unesco.org
75,Ruby,Garcia,rgarcia22@ovh.net
76,Jack,Hanson,jhanson23@blogtalkradio.com
77,Kathryn,Nelson,knelson24@walmart.com
78,Jason,Reed,jreed25@printfriendly.com
79,George,Coleman,gcoleman26@people.com.cn
80,Rose,King,rking27@ucoz.com
81,Johnny,Holmes,jholmes28@boston.com
82,Katherine,Gilbert,kgilbert29@altervista.org
83,Joshua,Thomas,jthomas2a@ustream.tv
84,Julie,Perry,jperry2b@opensource.org
85,Richard,Perry,rperry2c@oracle.com
86,Kenneth,Ruiz,kruiz2d@wikimedia.org
87,Jose,Morgan,jmorgan2e@webnode.com
88,Donald,Campbell,dcampbell2f@goo.ne.jp
89,Debra,Collins,dcollins2g@uol.com.br
90,Jesse,Johnson,jjohnson2h@stumbleupon.com
91,Elizabeth,Stone,estone2i@histats.com
92,Angela,Rogers,arogers2j@goodreads.com
93,Emily,Dixon,edixon2k@mlb.com
94,Albert,Scott,ascott2l@tinypic.com
95,Barbara,Peterson,bpeterson2m@ow.ly
96,Adam,Greene,agreene2n@fastcompany.com
97,Earl,Sanders,esanders2o@hc360.com
98,Angela,Brooks,abrooks2p@mtv.com
99,Harold,Foster,hfoster2q@privacy.gov.au
100,Carl,Meyer,cmeyer2r@disqus.com
